,coef,ci_low,ci_high,std_err,p_value
const,1.4708393683444034,1.3867247218661547,1.5549540148226522,0.04291606479869421,2.1812257147421568e-256
Order Item Product Price,0.0022487573488130875,0.002054961336053167,0.0024425533615730077,9.887650474146596e-05,2.67127475838243e-114
Order Item Quantity,0.21583691710648747,0.20122412983813537,0.23044970437483958,0.007455578208490729,9.528375184928912e-184
Order Item Discount Rate,-0.7099518265110125,-0.9385398998968779,-0.4813637531251471,0.11662773346105974,1.150950077525022e-09
order_month,0.005329570870372831,-0.000627150263288587,0.011286292004034248,0.003039173804600966,0.07949692251108514
order_weekday,-0.00507115298884181,-0.013117680746896107,0.0029753747692124874,0.004105412328618031,0.2167447050275024
Shipping Mode_First Class,0.027364969071422524,-0.018671397353565967,0.07340133549641101,0.023488176760062027,0.24399949452069597
Shipping Mode_Same Day,-0.0037331922760788366,-0.07596506335976691,0.06849867880760924,0.036853363709494866,0.9193136085167641
Shipping Mode_Second Class,0.0239722975595553,-0.018018294203649254,0.06596288932275986,0.02142398538774338,0.26316474361231645
Market_Africa,-0.033372788931811274,-0.11239258912440714,0.04564701126078458,0.04031662745348693,0.407803621765367
Market_Europe,-0.02737814230736599,-0.0788720326014372,0.024115747986705214,0.026272655537685374,0.2973775098132599
Market_Pacific Asia,-0.04439532670000028,-0.09463731033577505,0.005846656935774498,0.025633921268223045,0.08329393205776336
Market_USCA,-0.02249436577337987,-0.07715988634612231,0.03217115479936258,0.027890850421166853,0.41994777563923746
Customer Segment_Corporate,-0.02066356289445486,-0.057416418345713476,0.016089292556803754,0.018751644239402794,0.2704808752939385
Customer Segment_Home Office,-0.009817279477416358,-0.054093350428617126,0.03445879147378442,0.0225900578499688,0.6638650031315285
Type_CASH,0.03525730565105964,-0.020102697333168086,0.09061730863528736,0.02824518172279769,0.2119382042326478
Type_PAYMENT,-0.012311366112395175,-0.0547455035971335,0.030122771372343156,0.021650286486582914,0.5695967428627267
Type_TRANSFER,-0.014219334118873434,-0.05436178282857481,0.025923114590827946,0.020481045836045812,0.48751529079204725
Category Name_grouped_Camping & Hiking,0.22001759138775573,0.13084357138981995,0.3091916113856915,0.045497403613068615,1.3272910506315974e-06
Category Name_grouped_Cardio Equipment,0.1652852567135071,0.08964255605805503,0.24092795736895917,0.03859360026814198,1.8474855265716433e-05
Category Name_grouped_Electronics,-0.23660396478967652,-0.3669043223369354,-0.10630360724241764,0.06648043856710753,0.0003723871107651631
Category Name_grouped_Fishing,0.20984180484894946,0.1137313719576675,0.3059522377402314,0.049036425146949995,1.8759860734072573e-05
Category Name_grouped_Indoor/Outdoor Games,-0.0987375298463917,-0.16458573077794278,-0.032889328914840615,0.033596356596311015,0.0032939356602921833
Category Name_grouped_Men's Footwear,0.1397676232392524,0.06956939617670108,0.20996585030180373,0.03581577986122712,9.52853971055459e-05
Category Name_grouped_Other,-0.18780356342384757,-0.25650725711829536,-0.1190998697293998,0.03505325521712809,8.443345494948372e-08
Category Name_grouped_Shop By Sport,-0.30613822685588093,-0.3848992393126436,-0.22737721439911832,0.04018459157501482,2.585953862253439e-14
Category Name_grouped_Water Sports,0.21267588380631056,0.133354982112162,0.2919967855004591,0.04047025220366598,1.4814034031050557e-07
Category Name_grouped_Women's Apparel,-0.09476415048953915,-0.1591428596284567,-0.030385441350621586,0.03284660839389638,0.003914077753968465
