feature,VIF
Category Name_grouped_Fishing,3.090591752523466
Order Item Product Price,2.8276509081673877
Category Name_grouped_Camping & Hiking,2.1469999753270312
Category Name_grouped_Men's Footwear,2.062419183530172
Market_Europe,2.0537726937532548
Category Name_grouped_Water Sports,1.9049010351154325
Category Name_grouped_Other,1.8207477963621808
Order Item Quantity,1.7405423130904871
Market_Pacific Asia,1.71347150178879
Category Name_grouped_Women's Apparel,1.6435368213834993
Category Name_grouped_Indoor/Outdoor Games,1.5998941684815162
order_month,1.5832685402384452
Market_Africa,1.449506272898149
Category Name_grouped_Cardio Equipment,1.4183293836775095
Market_USCA,1.4167888104505315
Category Name_grouped_Shop By Sport,1.3627445277677555
Type_TRANSFER,1.2454568563704886
Type_PAYMENT,1.2324206983503485
Type_CASH,1.1439880791583088
Category Name_grouped_Electronics,1.1093331150570112
Customer Segment_Corporate,1.105331674705935
Customer Segment_Home Office,1.1053244418743482
Shipping Mode_Second Class,1.068462253811369
Shipping Mode_First Class,1.0648569682684699
Shipping Mode_Same Day,1.0320634593276794
order_weekday,1.000464807422421
Order Item Discount Rate,1.0000776860776217
